id,source,truth,category,primary_key,input_text
US-L-001,US-L,genuine,genuine,44-3501,44 U.S.C. § 3501 (Purposes).
US-L-002,US-L,genuine,genuine,17-102,See 17 U.S.C. § 102 (2018) — Subject matter of copyright: In general.
US-L-003,US-L,genuine,genuine,42-1983,See 42 U.S.C. § 1983 (2018).
US-L-004,US-L,genuine,genuine,15-1,See generally 15 U.S.C. § 1 (West 2022) (providing the statutory basis).
US-L-005,US-L,genuine,genuine,28-2255,See 28 U.S.C. §2255.
US-L-006,US-L,genuine,genuine,42-12101,See 42 U.S.C. § 12101 (2018).
US-L-007,US-L,genuine,genuine,05-552,"See 5 U.S.C. § 552 (West 2022) — Public information; agency rules, opinions, orders, records, and proceedings."
US-L-008,US-L,genuine,genuine,29-151,See 29 U.S.C. §151.
US-L-009,US-L,genuine,genuine,28-1291,See 28 U.S.C. § 1291 (2018) — Final decisions of district courts.
US-L-010,US-L,genuine,genuine,29-621,"Section 621 of 29 U.S.C., 29 U.S.C. § 621 (West 2022)."
US-L-011,US-L,genuine,genuine,42-2000d,"See 42 U.S.C. §2000d — Prohibition against exclusion from participation in, denial of benefits of, and discrimination under federally assisted programs on ground of race, color, or national origin."
US-L-012,US-L,genuine,genuine,28-1332,"Under 28 U.S.C. §1332, “Diversity of citizenship; amount in controversy; costs,” a plaintiff may seek redress."
US-L-013,US-L,genuine,genuine,18-922,18 U.S.C. §922 (Unlawful acts).
US-L-014,US-L,genuine,genuine,20-1681,"Section 1681 of 20 U.S.C., 20 U.S.C. § 1681."
US-L-015,US-L,genuine,genuine,20-1232g,"Section 1232g of 20 U.S.C., 20 U.S.C. §1232g."
US-L-016,US-L,genuine,genuine,47-151,See 47 U.S.C. § 151 (2018) — Purposes of chapter; Federal Communications Commission created.
US-L-017,US-L,genuine,genuine,18-1344,See 18 U.S.C. §1344.
US-L-018,US-L,genuine,genuine,35-101,35 U.S.C. § 101 (2018) (Inventions patentable).
US-L-019,US-L,genuine,genuine,18-956,See generally 18 U.S.C. § 956 (providing the statutory basis).
US-L-020,US-L,genuine,genuine,07-7755,See 7 U.S.C. §7755.
US-L-021,US-L,genuine,genuine,46-50309,"Section 50309 of 46 U.S.C., 46 U.S.C. § 50309 (2018)."
US-L-022,US-L,genuine,genuine,10-4102,See 10 U.S.C. § 4102 (2018).
US-L-023,US-L,genuine,genuine,42-288b,"Section 288b of 42 U.S.C., 42 U.S.C. § 288b (2018)."
US-L-024,US-L,genuine,genuine,40-3705,40 U.S.C. §3705 (Safety programs).
US-L-025,US-L,genuine,genuine,16-3115,"Section 3115 of 16 U.S.C., 16 U.S.C. § 3115 (2018)."
US-L-026,US-L,genuine,genuine,22-1451,22 U.S.C. §1451 (Assignment of Government employees to requesting countries; governing regulations).
US-L-027,US-L,genuine,genuine,42-1862o–2,42 U.S.C. §1862o–2 (Reporting of research results).
US-L-028,US-L,genuine,genuine,43-50–1,See generally 43 U.S.C. § 50–1 (West 2022) (providing the statutory basis).
US-L-029,US-L,genuine,genuine,42-7509a,See generally 42 U.S.C. § 7509a (West 2022) (providing the statutory basis).
US-L-030,US-L,genuine,genuine,39-3629,See 39 U.S.C. § 3629 (West 2022) — Reduced rates for voter registration purposes.
US-L-031,US-L,genuine,genuine,47-509,"Section 509 of 47 U.S.C., 47 U.S.C. § 509."
US-L-032,US-L,genuine,genuine,33-2606,See 33 U.S.C. § 2606 (West 2022).
US-L-033,US-L,genuine,genuine,28-2350,See generally 28 U.S.C. § 2350 (2018) (providing the statutory basis).
US-L-034,US-L,genuine,genuine,40-3177,See 40 U.S.C. § 3177 — Use of photovoltaic energy in public buildings.
US-L-035,US-L,genuine,genuine,10-223a,See generally 10 U.S.C. § 223a (2018) (providing the statutory basis).
US-L-036,US-L,genuine,genuine,05-8440f,See 5 U.S.C. §8440f.
US-L-037,US-L,genuine,genuine,15-78q–2,See generally 15 U.S.C. § 78q–2 (providing the statutory basis).
US-L-038,US-L,genuine,genuine,38-8109,See generally 38 U.S.C. § 8109 (West 2022) (providing the statutory basis).
US-L-039,US-L,genuine,genuine,36-90101,See 36 U.S.C. § 90101 (2018) — Organization.
US-L-040,US-L,genuine,genuine,38-8241,See 38 U.S.C. § 8241 (2018).
US-L-041,US-L,genuine,genuine,15-8515,15 U.S.C. § 8515 (West 2022) (Weather research and development planning).
US-L-042,US-L,genuine,genuine,13-302,See 13 U.S.C. § 302.
US-L-043,US-L,genuine,genuine,50-3507,"Section 3507 of 50 U.S.C., 50 U.S.C. §3507."
US-L-044,US-L,genuine,genuine,04-122,See generally 4 U.S.C. § 122 (West 2022) (providing the statutory basis).
US-L-045,US-L,genuine,genuine,05-3349a,See 5 U.S.C. § 3349a — Presidential inaugural transitions.
US-L-046,US-L,genuine,genuine,16-202a,See generally 16 U.S.C. § 202a (providing the statutory basis).
US-L-047,US-L,genuine,genuine,14-2905,"Section 2905 of 14 U.S.C., 14 U.S.C. § 2905 (West 2022)."
US-L-048,US-L,genuine,genuine,12-4210,"Section 4210 of 12 U.S.C., 12 U.S.C. § 4210."
US-L-049,US-L,genuine,genuine,16-939c,See 16 U.S.C. § 939c (West 2022).
US-L-050,US-L,genuine,genuine,07-9204,See generally 7 U.S.C. §9204 (providing the statutory basis).
US-L-051,US-L,non-genuine,manipulated,16-261->16-260,See 16 U.S.C. § 260 (West 2022) — Establishment; description of area.
US-L-052,US-L,non-genuine,manipulated,42-420->42-400,"Under 42 U.S.C. § 400, “Disability provisions inapplicable if benefit rights impaired,” a plaintiff may seek redress."
US-L-053,US-L,non-genuine,manipulated,16-3643->16-3646,"Under 16 U.S.C. §3646, “Savings provision,” a plaintiff may seek redress."
US-L-054,US-L,non-genuine,manipulated,51-40115->51-40110,"Under 51 U.S.C. §40110, “Aviation weather research,” a plaintiff may seek redress."
US-L-055,US-L,non-genuine,manipulated,07-2352->07-2350,See 7 U.S.C. §2350 — Form of papers filed.
US-L-056,US-L,non-genuine,manipulated,30-229->30-220,See 30 U.S.C. § 220 (West 2022) — Preference right to permits or leases of claimants of lands bona fide entered as agricultural land; terms and conditions.
US-L-057,US-L,non-genuine,manipulated,10-1441->10-1421,See 10 U.S.C. §1421 — Annuities in addition to other payments.
US-L-058,US-L,non-genuine,manipulated,14-4103->14-4100,"Section 4100 of 14 U.S.C., 14 U.S.C. § 4100 (West 2022)."
US-L-059,US-L,non-genuine,manipulated,42-1406b->42-1406c,See 42 U.S.C. §1406c — Expenses of uncompensated advisers serving United States Housing Authority away from home.
US-L-060,US-L,non-genuine,manipulated,46-7311->46-7321,"Section 7321 of 46 U.S.C., 46 U.S.C. §7321."
US-L-061,US-L,non-genuine,manipulated,16-423d->15-423d,See 15 U.S.C. §423d — Acceptance and disposition of gifts.
US-L-062,US-L,non-genuine,manipulated,26-4959->25-4959,25 U.S.C. § 4959 (Taxes on failures by hospital organizations).
US-L-063,US-L,non-genuine,manipulated,48-1469b->47-1469b,See 47 U.S.C. §1469b — Auditing of transactions of territorial and local governments.
US-L-064,US-L,non-genuine,manipulated,25-312->24-312,See 24 U.S.C. § 312.
US-L-065,US-L,non-genuine,manipulated,43-1460->42-1460,See generally 42 U.S.C. § 1460 (West 2022) (providing the statutory basis).
US-L-066,US-L,non-genuine,manipulated,30-189->29-189,"Under 29 U.S.C. § 189 (West 2022), “Rules and regulations; boundary lines; State rights unaffected; taxation,” a plaintiff may seek redress."
US-L-067,US-L,non-genuine,manipulated,16-580j->15-580j,"Section 580j of 15 U.S.C., 15 U.S.C. § 580j (2018)."
US-L-068,US-L,non-genuine,manipulated,43-763->42-763,See 42 U.S.C. § 763 — Deposits in Louisiana applicable to resurveys.
US-L-069,US-L,non-genuine,manipulated,22-285->21-285,See 21 U.S.C. § 285 (West 2022) — Acceptance of membership by United States in Asian Development Bank.
US-L-070,US-L,non-genuine,manipulated,29-568->30-568,See 30 U.S.C. §568 — Acceptance of donations by Secretary.
US-L-071,US-L,non-genuine,manipulated,49-49109,"Under 49 U.S.C. § 49109 (2018), “The Nonstop flights,” a plaintiff may seek redress."
US-L-072,US-L,non-genuine,manipulated,28a-703,See 28a U.S.C. § 703 — Bases of the an Expert’s Opinion Testimony.
US-L-073,US-L,non-genuine,manipulated,10-7456,"Under 10 U.S.C. § 7456 (2018), “Use of the certain gifts,” a plaintiff may seek redress."
US-L-074,US-L,non-genuine,manipulated,36-154707,"See 36 U.S.C. § 154707 — Exclusive right to name, seals, emblems, or badges."
US-L-075,US-L,non-genuine,manipulated,16-3507,"Under 16 U.S.C. § 3507 (West 2022), “Priority of the laws,” a plaintiff may seek redress."
US-L-076,US-L,non-genuine,manipulated,07-51a,See 7 U.S.C. § 51a — Extension of the classification facilities to cotton growers.
US-L-077,US-L,non-genuine,manipulated,16-1457,"Under 16 U.S.C. § 1457 (West 2022), “The Public hearings,” a plaintiff may seek redress."
US-L-078,US-L,non-genuine,manipulated,20-112,See 20 U.S.C. § 112 — Enforcement of the section 111.
US-L-079,US-L,non-genuine,manipulated,16-255,"See 16 U.S.C. § 255 — Effect on existing homestead, mineral, etc., entries; revision of the boundaries."
US-L-080,US-L,non-genuine,manipulated,44-2114,"Under 44 U.S.C. § 2114 (2018), “Preservation of audio or visual records,” a plaintiff may seek redress."
US-L-081,US-L,non-genuine,in_the_wild,26-61234,Section 61234 of Title 26 of the United States Code (Federal Digital Privacy Protection Act of 2021).
US-L-082,US-L,non-genuine,in_the_wild,49-29875,"The Clean Energy Workforce Training Act, 49 U.S.C. § 29875."
US-L-083,US-L,non-genuine,in_the_wild,42-44719,Section 44719 of Title 42 of the United States Code (Online Safety for Minors Act of 2022).
US-L-084,US-L,non-genuine,in_the_wild,29-10101a,See 29 U.S.C. § 10101a (Small Business Innovation and Job Creation Act).
US-L-085,US-L,non-genuine,in_the_wild,47-99999,"See generally Fair Scheduling and Paid Leave Act, 47 U.S.C. § 99999."
US-L-086,US-L,non-genuine,in_the_wild,33-7777,"The National Critical Minerals Security Act, 33 U.S.C. § 7777."
US-L-087,US-L,non-genuine,in_the_wild,42-20314,See 42 U.S.C. § 20314 (Consumer Data Ownership and Portability Act).
US-L-088,US-L,non-genuine,in_the_wild,21-5519,"See generally Rural Broadband Deployment Equity Act, 21 U.S.C. § 5519."
US-L-089,US-L,non-genuine,in_the_wild,18-88912,"See generally Federal Algorithmic Accountability Act of 2023, 18 U.S.C. § 88912."
US-L-090,US-L,non-genuine,in_the_wild,18-3311,"The Veterans Mental Health Access Improvement Act, 18 U.S.C. § 3311."
US-L-091,US-L,non-genuine,in_the_wild,15-41760,"The Prescription Drug Price Transparency Act, 15 U.S.C. § 41760."
US-L-092,US-L,non-genuine,in_the_wild,29-18230,"American Supply Chain Resilience Act, codified at 29 U.S.C. § 18230."
US-L-093,US-L,non-genuine,in_the_wild,62-1332,Section 1332 of Title 62 of the United States Code (Criminal Justice Data Modernization Act).
US-L-094,US-L,non-genuine,in_the_wild,55-501,See 55 U.S.C. § 501 (Student Loan Borrower Protection Act).
US-L-095,US-L,non-genuine,in_the_wild,61-7401,"See generally National Artificial Intelligence Research Infrastructure Act, 61 U.S.C. § 7401."
US-L-096,US-L,non-genuine,in_the_wild,99-1983,"Safe Drinking Water Infrastructure Grant Act, codified at 99 U.S.C. § 1983."
US-L-097,US-L,non-genuine,in_the_wild,18-19977,Section 19977 of Title 18 of the United States Code (Federal Contract Worker Transparency Act).
US-L-098,US-L,non-genuine,in_the_wild,18-88888,"The Homelessness Prevention and Housing Stability Act, 18 U.S.C. § 88888."
US-L-099,US-L,non-genuine,in_the_wild,18-140001,"The Clean Hydrogen Production Incentive Act, 18 U.S.C. § 140001."
US-L-100,US-L,non-genuine,in_the_wild,18-3620,See 18 U.S.C. § 3620 (Federal Election Integrity Restoration Act).
US-C-001,US-C,genuine,genuine,NCT00875485,ClinicalTrials.gov identifier NCT00875485
US-C-002,US-C,genuine,genuine,NCT01961843,"The trial ""Investigator-Initiated, Pilot Translational Study of Circulating Tumor Cells to Identify Predic..."" was registered as NCT01961843 on ClinicalTrials.gov."
US-C-003,US-C,genuine,genuine,NCT06013020,Registered on ClinicalTrials.gov (NCT number: NCT06013020)
US-C-004,US-C,genuine,genuine,NCT06940323,"The trial ""Pregnancy Registry, Infants, Serum/Milk Analysis (PRISMA): Pregnancy Registry for Women With Ch..."" was registered as NCT06940323 on ClinicalTrials.gov."
US-C-005,US-C,genuine,genuine,NCT05583708,NCT05583708 (ClinicalTrials.gov)
US-C-006,US-C,genuine,genuine,NCT05696366,"The trial ""Combination Adjunctive Therapy to Address Multiple Metabolic Imbalances in Type 1 Diabetes"" was registered as NCT05696366 on ClinicalTrials.gov."
US-C-007,US-C,genuine,genuine,NCT03974880,The trial was registered at ClinicalTrials.gov under the number NCT03974880.
US-C-008,US-C,genuine,genuine,NCT07630194,"The trial ""Enjoyable Occupation-Based Cognitive Stimulation With and Without Motivational Feedback in Park..."" was registered as NCT07630194 on ClinicalTrials.gov."
US-C-009,US-C,genuine,genuine,NCT00452088,the study is listed on ClinicalTrials.gov (NCT00452088)
US-C-010,US-C,genuine,genuine,NCT06180525,"The trial ""Radiological Evaluation of 3D Printed Porous Collars in Resection Prostheses Hip and Knee: Pilo..."" was registered as NCT06180525 on ClinicalTrials.gov."
US-C-011,US-C,genuine,genuine,NCT04436666,ClinicalTrials.gov identifier NCT04436666
US-C-012,US-C,genuine,genuine,NCT02934646,"The trial ""Clinical Validation of a Powered Exoskeleton for the Treatment of Elbow Spasticity: Phase II St..."" was registered as NCT02934646 on ClinicalTrials.gov."
US-C-013,US-C,genuine,genuine,NCT06575985,Registered on ClinicalTrials.gov (NCT number: NCT06575985)
US-C-014,US-C,genuine,genuine,NCT03602417,"The trial ""Comparison of Flare Type Self-expandable Metal Stent With Conventional D-type Self-expandable M..."" was registered as NCT03602417 on ClinicalTrials.gov."
US-C-015,US-C,genuine,genuine,NCT01195246,NCT01195246 (ClinicalTrials.gov)
US-C-016,US-C,genuine,genuine,NCT05392543,"The trial ""Brunnstrom Movement Therapy Versus Mirror Therapy on Hand Function in Stroke Hemiplegic Populat..."" was registered as NCT05392543 on ClinicalTrials.gov."
US-C-017,US-C,genuine,genuine,NCT05426343,The trial was registered at ClinicalTrials.gov under the number NCT05426343.
US-C-018,US-C,genuine,genuine,NCT06925841,"The trial ""The Effect of Mother-Baby Themed Coloring on Stress, Anxiety, and Psychosocial Health in Pregna..."" was registered as NCT06925841 on ClinicalTrials.gov."
US-C-019,US-C,genuine,genuine,NCT05458843,the study is listed on ClinicalTrials.gov (NCT05458843)
US-C-020,US-C,genuine,genuine,NCT01408979,"The trial ""Postpartum Prophylaxis With Short Course Magnesium Sulfate in Severe Preeclampsia: a Randomized..."" was registered as NCT01408979 on ClinicalTrials.gov."
US-C-021,US-C,genuine,genuine,NCT02518373,ClinicalTrials.gov identifier NCT02518373
US-C-022,US-C,genuine,genuine,NCT04870073,"The trial ""Retrograde Autologous Priming for Preserving Hemoglobin Peri-operatively With or Without Mannit..."" was registered as NCT04870073 on ClinicalTrials.gov."
US-C-023,US-C,genuine,genuine,NCT00317486,Registered on ClinicalTrials.gov (NCT number: NCT00317486)
US-C-024,US-C,genuine,genuine,NCT06469437,"The trial ""The Impact of Geriatric Assessment on the Treatment Plan of Elderly Patients With Type 2 Diabet..."" was registered as NCT06469437 on ClinicalTrials.gov."
US-C-025,US-C,genuine,genuine,NCT01097954,NCT01097954 (ClinicalTrials.gov)
US-C-026,US-C,genuine,genuine,NCT02676570,"The trial ""Validation of Pathologic Diagnosis of Invasive Fungal Infection by Molecular Method - Retrospec..."" was registered as NCT02676570 on ClinicalTrials.gov."
US-C-027,US-C,genuine,genuine,NCT05138705,The trial was registered at ClinicalTrials.gov under the number NCT05138705.
US-C-028,US-C,genuine,genuine,NCT06830785,"The trial ""Effects of Rhythmic Auditory Stimulation on Upper-limb Movements, Function, and Quality of Life..."" was registered as NCT06830785 on ClinicalTrials.gov."
US-C-029,US-C,genuine,genuine,NCT06066788,the study is listed on ClinicalTrials.gov (NCT06066788)
US-C-030,US-C,genuine,genuine,NCT05321225,"The trial ""The Level of Blood Brain Barrier Damage Biomarker Predicting Hemorrhagic Transformation Followi..."" was registered as NCT05321225 on ClinicalTrials.gov."
US-C-031,US-C,genuine,genuine,NCT07211386,ClinicalTrials.gov identifier NCT07211386
US-C-032,US-C,genuine,genuine,NCT03284710,"The trial ""A Phase 1/2a Partially Double-blinded, Randomized Clinical Trial to Characterize the Safety and..."" was registered as NCT03284710 on ClinicalTrials.gov."
US-C-033,US-C,genuine,genuine,NCT00754676,Registered on ClinicalTrials.gov (NCT number: NCT00754676)
US-C-034,US-C,genuine,genuine,NCT06879925,"The trial ""The Effects of Qi-gong on Physiology and Quality of Life in Patients with Post-acute Sequelae o..."" was registered as NCT06879925 on ClinicalTrials.gov."
US-C-035,US-C,genuine,genuine,NCT04415762,NCT04415762 (ClinicalTrials.gov)
US-C-036,US-C,genuine,genuine,NCT05810662,"The trial ""Randomized Study of Intraoperative Glucose Saline Versus Ringer Lactatein Cancer Pediatric Pati..."" was registered as NCT05810662 on ClinicalTrials.gov."
US-C-037,US-C,genuine,genuine,NCT05791227,The trial was registered at ClinicalTrials.gov under the number NCT05791227.
US-C-038,US-C,genuine,genuine,NCT02145468,"The trial ""A Clinical Outcomes Study to Compare the Incidence of Major Adverse Cardiovascular Events in Su..."" was registered as NCT02145468 on ClinicalTrials.gov."
US-C-039,US-C,genuine,genuine,NCT04388683,the study is listed on ClinicalTrials.gov (NCT04388683)
US-C-040,US-C,genuine,genuine,NCT05403125,"The trial ""Silver Diamine Fluoride: Novel Addition to the Prophylactic Bundle for Dental Management of Rad..."" was registered as NCT05403125 on ClinicalTrials.gov."
US-C-041,US-C,genuine,genuine,NCT05315310,ClinicalTrials.gov identifier NCT05315310
US-C-042,US-C,genuine,genuine,NCT03033043,"The trial ""A Prospective, Multicenter, Non-Blinded, Non-Randomized Study of the RelayPro Thoracic Stent-Gr..."" was registered as NCT03033043 on ClinicalTrials.gov."
US-C-043,US-C,genuine,genuine,NCT00949169,Registered on ClinicalTrials.gov (NCT number: NCT00949169)
US-C-044,US-C,genuine,genuine,NCT00402194,"The trial ""Treating the Endothelium to Restore Insulin Sensitivity"" was registered as NCT00402194 on ClinicalTrials.gov."
US-C-045,US-C,genuine,genuine,NCT00661817,NCT00661817 (ClinicalTrials.gov)
US-C-046,US-C,genuine,genuine,NCT00356369,"The trial ""Phase IIb Primary Vaccination Study to Evaluate Non-Inferiority & Persistence of the Immune Res..."" was registered as NCT00356369 on ClinicalTrials.gov."
US-C-047,US-C,genuine,genuine,NCT04659941,The trial was registered at ClinicalTrials.gov under the number NCT04659941.
US-C-048,US-C,genuine,genuine,NCT01270737,"The trial ""A Double-blind Randomized Controlled Trial on Whole Soy and Daidzein Supplementation on Reducti..."" was registered as NCT01270737 on ClinicalTrials.gov."
US-C-049,US-C,genuine,genuine,NCT05210179,the study is listed on ClinicalTrials.gov (NCT05210179)
US-C-050,US-C,genuine,genuine,NCT03751059,"The trial ""An Investigator-Initiated Multicenter Prospective Clinical Trial to Examine the Efficacy of Per..."" was registered as NCT03751059 on ClinicalTrials.gov."
US-C-051,US-C,non-genuine,manipulated,NCT06854355,ClinicalTrials.gov identifier NCT06854355
US-C-052,US-C,non-genuine,manipulated,NCT07437720,"The trial ""The Role of Glycocalyx and Oxidative Stress in Endothelial Function (Part 1)"" was registered at ClinicalTrials.gov under the number NCT07437720."
US-C-053,US-C,non-genuine,manipulated,NCT01102560,Registered on ClinicalTrials.gov (NCT number: NCT01102560)
US-C-054,US-C,non-genuine,manipulated,NCT01884247,the study is listed on ClinicalTrials.gov (NCT01884247)
US-C-055,US-C,non-genuine,manipulated,NCT02324219,NCT02324219 (ClinicalTrials.gov)
US-C-056,US-C,non-genuine,manipulated,NCT03741843,ClinicalTrials.gov identifier NCT03741843
US-C-057,US-C,non-genuine,manipulated,NCT07526104,"The trial ""Developing a Colonoscopy Preparation Protocol for Patients With Diabetes"" was registered at ClinicalTrials.gov under the number NCT07526104."
US-C-058,US-C,non-genuine,manipulated,NCT02076309,Registered on ClinicalTrials.gov (NCT number: NCT02076309)
US-C-059,US-C,non-genuine,manipulated,NCT01455754,the study is listed on ClinicalTrials.gov (NCT01455754)
US-C-060,US-C,non-genuine,manipulated,NCT03602847,NCT03602847 (ClinicalTrials.gov)
US-C-061,US-C,non-genuine,manipulated,NCT04574961,ClinicalTrials.gov identifier NCT04574961
US-C-062,US-C,non-genuine,manipulated,NCT06500404,"The trial ""Noninvasive Tools for the Diagnosis of Porto-sinusoidal Vascular Disease: a Single-center, Pros..."" was registered at ClinicalTrials.gov under the number NCT06500404."
US-C-063,US-C,non-genuine,manipulated,NCT04989232,Registered on ClinicalTrials.gov (NCT number: NCT04989232)
US-C-064,US-C,non-genuine,manipulated,NCT05413230,the study is listed on ClinicalTrials.gov (NCT05413230)
US-C-065,US-C,non-genuine,manipulated,NCT05811755,NCT05811755 (ClinicalTrials.gov)
US-C-066,US-C,non-genuine,manipulated,NCT06715606,ClinicalTrials.gov identifier NCT06715606
US-C-067,US-C,non-genuine,manipulated,NCT01100581,"The trial ""The Links Between Water and Salt Intake, Body Weight, Hypertension and Kidney Stones: a Difficu..."" was registered at ClinicalTrials.gov under the number NCT01100581."
US-C-068,US-C,non-genuine,manipulated,NCT00622857,Registered on ClinicalTrials.gov (NCT number: NCT00622857)
US-C-069,US-C,non-genuine,manipulated,NCT04532451,the study is listed on ClinicalTrials.gov (NCT04532451)
US-C-070,US-C,non-genuine,manipulated,NCT04650650,NCT04650650 (ClinicalTrials.gov)
US-C-071,US-C,non-genuine,manipulated,NCT07065644,ClinicalTrials.gov identifier NCT07065644
US-C-072,US-C,non-genuine,manipulated,NCT04339297,"The trial ""Medication Dispensing System to Support Medication Adherence for Individuals Living at Home Wit..."" was registered at ClinicalTrials.gov under the number NCT04339297."
US-C-073,US-C,non-genuine,manipulated,NCT01644920,Registered on ClinicalTrials.gov (NCT number: NCT01644920)
US-C-074,US-C,non-genuine,manipulated,NCT03289703,the study is listed on ClinicalTrials.gov (NCT03289703)
US-C-075,US-C,non-genuine,manipulated,NCT03476136,NCT03476136 (ClinicalTrials.gov)
US-C-076,US-C,non-genuine,manipulated,NCT02597544,ClinicalTrials.gov identifier NCT02597544
US-C-077,US-C,non-genuine,manipulated,NCT06201404,"The trial ""Mechanical Properties of Peripheral and Accessory Respiratory Muscles in Chronic Obstructive Pu..."" was registered at ClinicalTrials.gov under the number NCT06201404."
US-C-078,US-C,non-genuine,manipulated,NCT06279160,Registered on ClinicalTrials.gov (NCT number: NCT06279160)
US-C-079,US-C,non-genuine,manipulated,NCT00425374,the study is listed on ClinicalTrials.gov (NCT00425374)
US-C-080,US-C,non-genuine,manipulated,NCT04272841,NCT04272841 (ClinicalTrials.gov)
US-C-081,US-C,non-genuine,in_the_wild,NCT99999999,"In this phase 3 trial (ClinicalTrials.gov: NCT99999999), A Randomized Placebo-Controlled Trial of Metformin for Post-COVID-19 Fatigue Syndrome."
US-C-082,US-C,non-genuine,in_the_wild,NCT00000000,"The authors cite ClinicalTrials.gov identifier NCT00000000 for the study ""Phase 3 Study of Novel Anti-PD-1 Antibody in Metastatic Triple-Negative Breast Cancer""."
US-C-083,US-C,non-genuine,in_the_wild,NCT12345678,Registration: ClinicalTrials.gov (NCT12345678); study: The Global Artificial Sweetener Safety Study: A Multicenter Prospective Cohort.
US-C-084,US-C,non-genuine,in_the_wild,NCT87654321,"As per ClinicalTrials.gov (NCT87654321), the trial ""A Double-Blind RCT Evaluating Intravenous Stem Cell Therapy for Spinal Cord Injury"" enrolled 1,200 participants."
US-C-085,US-C,non-genuine,in_the_wild,NCT11111111,NCT11111111: Efficacy of Low-Dose Aspirin in Preventing Preeclampsia Among Nulliparous Women (ClinicalTrials.gov).
US-C-086,US-C,non-genuine,in_the_wild,NCT10000001,"In this phase 3 trial (ClinicalTrials.gov: NCT10000001), An Open-Label Extension Study of an mRNA Vaccine Against Herpes Simplex Virus Type 2."
US-C-087,US-C,non-genuine,in_the_wild,NCT99990000,"The authors cite ClinicalTrials.gov identifier NCT99990000 for the study ""A Cross-National Observational Study on Vitamin D Supplementation and Bone Health in the Elderly""."
US-C-088,US-C,non-genuine,in_the_wild,NCT88888888,Registration: ClinicalTrials.gov (NCT88888888); study: A Randomized Trial of Transcranial Magnetic Stimulation for Treatment-Resistant Depression.
US-C-089,US-C,non-genuine,in_the_wild,NCT00000009,"As per ClinicalTrials.gov (NCT00000009), the trial ""Phase 2 Study of CRISPR-Based Gene Editing Therapy for Sickle Cell Disease in Adults"" enrolled 1,200 participants."
US-C-090,US-C,non-genuine,in_the_wild,NCT98765432,NCT98765432: A Multicenter RCT of Telehealth Cognitive Behavioral Therapy for Chronic Insomnia (ClinicalTrials.gov).
US-C-091,US-C,non-genuine,in_the_wild,NCT55555555,"In this phase 3 trial (ClinicalTrials.gov: NCT55555555), A Prospective Cohort Examining Intermittent Fasting and Cardiovascular Outcomes."
US-C-092,US-C,non-genuine,in_the_wild,NCT77777777,"The authors cite ClinicalTrials.gov identifier NCT77777777 for the study ""A Randomized Crossover Study of Continuous Glucose Monitoring in Type 1 Diabetes Management""."
US-C-093,US-C,non-genuine,in_the_wild,NCT00000005,Registration: ClinicalTrials.gov (NCT00000005); study: An Exploratory Trial of a Novel JAK Inhibitor in Moderate-to-Severe Atopic Dermatitis.
US-C-094,US-C,non-genuine,in_the_wild,NCT90000000,"As per ClinicalTrials.gov (NCT90000000), the trial ""A Large-Scale Pragmatic Trial of Remote Patient Monitoring for Heart Failure Readmission"" enrolled 1,200 participants."
US-C-095,US-C,non-genuine,in_the_wild,NCT11223344,NCT11223344: A Phase 1 Dose-Escalation Study of a Bispecific Antibody in Relapsed Multiple Myeloma (ClinicalTrials.gov).
US-C-096,US-C,non-genuine,in_the_wild,NCT00000050,"In this phase 3 trial (ClinicalTrials.gov: NCT00000050), A Randomized Study of High-Intensity Interval Training Versus Resistance Training in Obesity."
US-C-097,US-C,non-genuine,in_the_wild,NCT66666666,"The authors cite ClinicalTrials.gov identifier NCT66666666 for the study ""An International Multicenter Study of a New Oral Anticoagulant in Atrial Fibrillation""."
US-C-098,US-C,non-genuine,in_the_wild,NCT44444444,Registration: ClinicalTrials.gov (NCT44444444); study: A Randomized Controlled Trial of Probiotic Supplementation in Irritable Bowel Syndrome.
US-C-099,US-C,non-genuine,in_the_wild,NCT00000077,"As per ClinicalTrials.gov (NCT00000077), the trial ""A Phase 3 Pivotal Trial of a Recombinant Zoster Vaccine in Immunocompromised Patients"" enrolled 1,200 participants."
US-C-100,US-C,non-genuine,in_the_wild,NCT12312312,NCT12312312: A Longitudinal Observational Study of Air Pollution Exposure and Childhood Asthma Incidence (ClinicalTrials.gov).
CN-L-001,CN-L,genuine,genuine,中华人民共和国刑法-264,《中华人民共和国刑法》（2005年版本）第二百六十四条：盗窃公私财物，数额较大的，或者多次盗窃、入户盗窃、携带凶器盗窃、扒窃的，处三年以下有……
CN-L-002,CN-L,genuine,genuine,中华人民共和国刑法-232,《中华人民共和国刑法》第232条
CN-L-003,CN-L,genuine,genuine,中华人民共和国刑法-263,《中华人民共和国刑法》第二百六十三条
CN-L-004,CN-L,genuine,genuine,中华人民共和国刑法-133,《中华人民共和国刑法》第133条
CN-L-005,CN-L,genuine,genuine,中华人民共和国民法典-1165,《中华人民共和国民法典》第一千一百六十五条：行为人因过错侵害他人民事权益造成损害的，应当承担侵权责任。依照法律规定推定行为人有过……
CN-L-006,CN-L,genuine,genuine,中华人民共和国民法典-1179,《中华人民共和国民法典》第1179条
CN-L-007,CN-L,genuine,genuine,中华人民共和国民法典-25,《中华人民共和国民法典》第二十五条
CN-L-008,CN-L,genuine,genuine,中华人民共和国劳动法-41,《中华人民共和国劳动法》第41条
CN-L-009,CN-L,genuine,genuine,中华人民共和国劳动法-44,《中华人民共和国劳动法》第四十四条：有下列情形之一的，用人单位应当按照下列标准支付高于劳动者正常工作时间工资的工资报酬：……
CN-L-010,CN-L,genuine,genuine,中华人民共和国劳动法-36,《中华人民共和国劳动法》（2018年版本）第36条
CN-L-011,CN-L,genuine,genuine,中华人民共和国劳动合同法-19,《中华人民共和国劳动合同法》第十九条
CN-L-012,CN-L,genuine,genuine,中华人民共和国劳动合同法-47,《中华人民共和国劳动合同法》第47条
CN-L-013,CN-L,genuine,genuine,中华人民共和国劳动合同法-82,《中华人民共和国劳动合同法》第八十二条：用人单位自用工之日起超过一个月不满一年未与劳动者订立书面劳动合同的，应当向劳动者每月……
CN-L-014,CN-L,genuine,genuine,中华人民共和国治安管理处罚法-43,《中华人民共和国治安管理处罚法》第43条
CN-L-015,CN-L,genuine,genuine,中华人民共和国治安管理处罚法-26,《中华人民共和国治安管理处罚法》第二十六条
CN-L-016,CN-L,genuine,genuine,中华人民共和国道路交通安全法-76,《中华人民共和国道路交通安全法》第76条
CN-L-017,CN-L,genuine,genuine,中华人民共和国道路交通安全法-91,《中华人民共和国道路交通安全法》第九十一条：饮酒后驾驶机动车的，处暂扣六个月机动车驾驶证，并处一千元以上二千元以下罚款。因饮酒后……
CN-L-018,CN-L,genuine,genuine,中华人民共和国食品安全法-148,《中华人民共和国食品安全法》第148条
CN-L-019,CN-L,genuine,genuine,中华人民共和国消费者权益保护法-55,《中华人民共和国消费者权益保护法》（2013年版本）第五十五条
CN-L-020,CN-L,genuine,genuine,中华人民共和国个人信息保护法-24,《中华人民共和国个人信息保护法》第24条
CN-L-021,CN-L,genuine,genuine,中华人民共和国公司法-54,《中华人民共和国公司法》第五十四条：公司不能清偿到期债务的，公司或者已到期债权的债权人有权要求已认缴出资但未届出资期限的……
CN-L-022,CN-L,genuine,genuine,中华人民共和国未成年人保护法-4,《中华人民共和国未成年人保护法》第4条
CN-L-023,CN-L,genuine,genuine,中华人民共和国妇女权益保障法-23,《中华人民共和国妇女权益保障法》第二十三条
CN-L-024,CN-L,genuine,genuine,中华人民共和国反电信网络诈骗法-25,《中华人民共和国反电信网络诈骗法》第25条
CN-L-025,CN-L,genuine,genuine,中华人民共和国数据安全法-32,《中华人民共和国数据安全法》第三十二条：任何组织、个人收集数据，应当采取合法、正当的方式，不得窃取或者以其他非法方式获取数据……
CN-L-026,CN-L,genuine,genuine,中华人民共和国网络安全法-21,《中华人民共和国网络安全法》第21条
CN-L-027,CN-L,genuine,genuine,中华人民共和国反不正当竞争法-6,《中华人民共和国反不正当竞争法》第六条
CN-L-028,CN-L,genuine,genuine,中华人民共和国证券法-78,《中华人民共和国证券法》（2013年版本）第78条
CN-L-029,CN-L,genuine,genuine,中华人民共和国环境保护法-42,《中华人民共和国环境保护法》第四十二条：排放污染物的企业事业单位和其他生产经营者，应当采取措施，防治在生产建设或者其他活动中……
CN-L-030,CN-L,genuine,genuine,中华人民共和国预算法-35,《中华人民共和国预算法》第35条
CN-L-031,CN-L,genuine,genuine,中华人民共和国国家赔偿法-3,《中华人民共和国国家赔偿法》第三条
CN-L-032,CN-L,genuine,genuine,中华人民共和国国家安全法-43,《中华人民共和国国家安全法》第43条
CN-L-033,CN-L,genuine,genuine,中华人民共和国证券法-185,《中华人民共和国证券法》第一百八十五条：发行人违反本法第十四条、第十五条的规定擅自改变公开发行证券所募集资金的用途的，责令改……
CN-L-034,CN-L,genuine,genuine,中华人民共和国安全生产法-41,《中华人民共和国安全生产法》第41条
CN-L-035,CN-L,genuine,genuine,中华人民共和国消费者权益保护法-28,《中华人民共和国消费者权益保护法》第二十八条
CN-L-036,CN-L,genuine,genuine,中华人民共和国教育法-22,《中华人民共和国教育法》第22条
CN-L-037,CN-L,genuine,genuine,中华人民共和国劳动法-29,《中华人民共和国劳动法》（1994年版本）第二十九条：劳动者有下列情形之一的，用人单位不得依据本法第二十六条、第二十七条的规定解除劳动合同……
CN-L-038,CN-L,genuine,genuine,中华人民共和国教育法-51,《中华人民共和国教育法》第51条
CN-L-039,CN-L,genuine,genuine,中华人民共和国劳动合同法-43,《中华人民共和国劳动合同法》第四十三条
CN-L-040,CN-L,genuine,genuine,中华人民共和国民事诉讼法-246,《中华人民共和国民事诉讼法》第246条
CN-L-041,CN-L,genuine,genuine,中华人民共和国公司法-19,《中华人民共和国公司法》第十九条：公司从事经营活动，应当遵守法律法规，遵守社会公德、商业道德，诚实守信，接受政府和社会……
CN-L-042,CN-L,genuine,genuine,中华人民共和国反间谍法-24,《中华人民共和国反间谍法》第24条
CN-L-043,CN-L,genuine,genuine,中华人民共和国著作权法-59,《中华人民共和国著作权法》第五十九条
CN-L-044,CN-L,genuine,genuine,中华人民共和国反间谍法-6,《中华人民共和国反间谍法》第6条
CN-L-045,CN-L,genuine,genuine,中华人民共和国证券法-30,《中华人民共和国证券法》第三十条：向不特定对象发行证券聘请承销团承销的，承销团应当由主承销和参与承销的证券公司组成。……
CN-L-046,CN-L,genuine,genuine,中华人民共和国公司法-146,《中华人民共和国公司法》（2018年版本）第146条
CN-L-047,CN-L,genuine,genuine,中华人民共和国预算法-17,《中华人民共和国预算法》第十七条
CN-L-048,CN-L,genuine,genuine,中华人民共和国网络安全法-43,《中华人民共和国网络安全法》第43条
CN-L-049,CN-L,genuine,genuine,中华人民共和国国家赔偿法-19,《中华人民共和国国家赔偿法》第十九条：属于下列情形之一的，国家不承担赔偿责任：（一）因公民自己故意作虚伪供述，或者伪造其他……
CN-L-050,CN-L,genuine,genuine,中华人民共和国反恐怖主义法-16,《中华人民共和国反恐怖主义法》第16条
CN-L-051,CN-L,non-genuine,manipulated,中华人民共和国民事诉讼法-346,《中华人民共和国民事诉讼法》第三百四十六条
CN-L-052,CN-L,non-genuine,manipulated,中华人民共和国民法典-1979,《中华人民共和国民法典》第一千九百七十九条
CN-L-053,CN-L,non-genuine,manipulated,中华人民共和国网络安全法-93,《中华人民共和国网络安全法》第九十三条
CN-L-054,CN-L,non-genuine,manipulated,中华人民共和国个人信息保护法-94,《中华人民共和国个人信息保护法》第94条
CN-L-055,CN-L,non-genuine,manipulated,中华人民共和国食品安全法-448,《中华人民共和国食品安全法》第四百四十八条
CN-L-056,CN-L,non-genuine,manipulated,中华人民共和国国家安全法-93,《中华人民共和国国家安全法》第九十三条
CN-L-057,CN-L,non-genuine,manipulated,中华人民共和国民法典-1265,《中华人民共和国民法典》第一千二百六十五条
CN-L-058,CN-L,non-genuine,manipulated,中华人民共和国劳动合同法-99,《中华人民共和国劳动合同法》第九十九条
CN-L-059,CN-L,non-genuine,manipulated,中华人民共和国证券法-385,《中华人民共和国证券法》第385条
CN-L-060,CN-L,non-genuine,manipulated,中华人民共和国妇女权益保障法-93,《中华人民共和国妇女权益保障法》第93条
CN-L-061,CN-L,non-genuine,manipulated,中华人民共和国刑法-147,《中华人民共和国刑法（试行）》第一百四十七条
CN-L-062,CN-L,non-genuine,manipulated,中华人民共和国民法典-677,《中华人民共和国民法典（草案）》第六百七十七条
CN-L-063,CN-L,non-genuine,manipulated,中华人民共和国治安管理处罚法-23,《中华人民共和国治安管理处罚条例》第23条
CN-L-064,CN-L,non-genuine,manipulated,中华人民共和国劳动法-93,《中华人民共和国劳动法（试行）》第九十三条
CN-L-065,CN-L,non-genuine,manipulated,中华人民共和国网络安全法-14,《中华人民共和国网络安全保护法》第十四条
CN-L-066,CN-L,non-genuine,manipulated,中华人民共和国消费者权益保护法-45,《中华人民共和国消费者权益保护条例》第四十五条
CN-L-067,CN-L,non-genuine,manipulated,中华人民共和国公司法-62,《中华人民共和国公司法（征求意见稿）》第六十二条
CN-L-068,CN-L,non-genuine,manipulated,中华人民共和国食品安全法-45,《中华人民共和国食品安全管理规定》第四十五条
CN-L-069,CN-L,non-genuine,manipulated,中华人民共和国未成年人保护法-71,《中华人民共和国未成年人保护法（修正草案）》第71条
CN-L-070,CN-L,non-genuine,manipulated,中华人民共和国道路交通安全法-98,《中华人民共和国道路交通安全条例》第98条
CN-L-071,CN-L,non-genuine,manipulated,中华人民共和国环境保护法-42,《中华人民共和国环境保护法》（2015年修订）第四十二条
CN-L-072,CN-L,non-genuine,manipulated,中华人民共和国教育法-51,《中华人民共和国教育法》（2012年修订）第五十一条
CN-L-073,CN-L,non-genuine,manipulated,中华人民共和国国家安全法-43,《中华人民共和国国家安全法》（2005年修订）第四十三条
CN-L-074,CN-L,non-genuine,manipulated,中华人民共和国道路交通安全法-76,《中华人民共和国道路交通安全法》（2010年修订）第76条
CN-L-075,CN-L,non-genuine,manipulated,中华人民共和国刑法-263,《中华人民共和国刑法》（2014年修订）第二百六十三条
CN-L-076,CN-L,non-genuine,manipulated,中华人民共和国国家赔偿法-3,《中华人民共和国国家赔偿法》（2019年修订）第3条
CN-L-077,CN-L,non-genuine,manipulated,中华人民共和国证券法-78,《中华人民共和国证券法》（2024年修订）第七十八条
CN-L-078,CN-L,non-genuine,manipulated,中华人民共和国劳动合同法-19,《中华人民共和国劳动合同法》（1998年修订）第十九条
CN-L-079,CN-L,non-genuine,manipulated,中华人民共和国食品安全法-148,《中华人民共和国食品安全法》（1991年修订）第148条
CN-L-080,CN-L,non-genuine,manipulated,中华人民共和国证券法-185,《中华人民共和国证券法》（2012年修订）第一百八十五条
CN-L-081,CN-L,non-genuine,in_the_wild,中华人民共和国人工智能产业发展法-16,《中华人民共和国人工智能产业发展法》第16条
CN-L-082,CN-L,non-genuine,in_the_wild,中华人民共和国虚拟财产保护法-61,《中华人民共和国虚拟财产保护法》第61条
CN-L-083,CN-L,non-genuine,in_the_wild,中华人民共和国网络空间主权法-69,《中华人民共和国网络空间主权法》第69条
CN-L-084,CN-L,non-genuine,in_the_wild,中华人民共和国数据权益保护法-10,《中华人民共和国数据权益保护法》第10条
CN-L-085,CN-L,non-genuine,in_the_wild,中华人民共和国绿色低碳消费促进法-9,《中华人民共和国绿色低碳消费促进法》第9条
CN-L-086,CN-L,non-genuine,in_the_wild,中华人民共和国元宇宙产业促进法-72,《中华人民共和国元宇宙产业促进法》第72条
CN-L-087,CN-L,non-genuine,in_the_wild,中华人民共和国数字人产业促进法-79,《中华人民共和国数字人产业促进法》第七十九条
CN-L-088,CN-L,non-genuine,in_the_wild,中华人民共和国低空经济促进法-5,《中华人民共和国低空经济促进法》第五条
CN-L-089,CN-L,non-genuine,in_the_wild,中华人民共和国智能驾驶责任法-33,《中华人民共和国智能驾驶责任法》第33条
CN-L-090,CN-L,non-genuine,in_the_wild,中华人民共和国网络暴力防治法-82,《中华人民共和国网络暴力防治法》第八十二条
CN-L-091,CN-L,non-genuine,in_the_wild,中华人民共和国刑法-999,《中华人民共和国刑法》第999条
CN-L-092,CN-L,non-genuine,in_the_wild,中华人民共和国民法典-1301,《中华人民共和国民法典》第一千三百零一条
CN-L-093,CN-L,non-genuine,in_the_wild,中华人民共和国劳动法-150,《中华人民共和国劳动法》第一百五十条
CN-L-094,CN-L,non-genuine,in_the_wild,中华人民共和国公司法-500,《中华人民共和国公司法》第五百条
CN-L-095,CN-L,non-genuine,in_the_wild,中华人民共和国治安管理处罚法-200,《中华人民共和国治安管理处罚法》第二百条
CN-L-096,CN-L,non-genuine,in_the_wild,中华人民共和国证券法-300,《中华人民共和国证券法》第三百条
CN-L-097,CN-L,non-genuine,in_the_wild,中华人民共和国刑事诉讼法-400,《中华人民共和国刑事诉讼法》第四百条
CN-L-098,CN-L,non-genuine,in_the_wild,中华人民共和国消费者权益保护法-100,《中华人民共和国消费者权益保护法》第100条
CN-L-099,CN-L,non-genuine,in_the_wild,中华人民共和国未成年人保护法-200,《中华人民共和国未成年人保护法》第二百条
CN-L-100,CN-L,non-genuine,in_the_wild,中华人民共和国反电信网络诈骗法-80,《中华人民共和国反电信网络诈骗法》第80条
CN-C-001,CN-C,genuine,genuine,NCT05718882,本研究的临床试验注册号为 NCT05718882（ClinicalTrials.gov 注册），官方登记题目为「Safety and Efficacy of Lenvatinib Combined With VIC-1911 in the Treatment of Lenvatinib-unresponsive or Lenvatinib-resistant Hepatocellular Carcinoma」，研究类型为随机对照试验。
CN-C-002,CN-C,genuine,genuine,NCT07441746,"该研究已在 ClinicalTrials.gov 完成注册，注册号 NCT07441746，登记题目《Clinical Implementation of the Group Standard for Enteral Feeding Care in Critically Ill Children: A Multi-center, Stratified Cluster Randomized Controlled Trial》，主要在中国多中心开展。"
CN-C-003,CN-C,genuine,genuine,NCT06537908,本多中心临床试验（注册号：NCT06537908，ClinicalTrials.gov）登记题目为「Phase I/II Study of Anti-PD-1/PD-L1 Antibodies Combined With Anti-VEGF Antibody Treatment in Patients With Advanced-Stage Hepatocellular Carcinoma」，计划入组中国受试者。
CN-C-004,CN-C,genuine,genuine,NCT04864366,研究已在中国区多个中心开展并完成注册，注册号 NCT04864366，ClinicalTrials.gov 登记标题为《Efficacy and Safety of TAF for 48 Weeks in HBeAg Positive CHB Patients》。
CN-C-005,CN-C,genuine,genuine,NCT04192331,该随机对照研究注册于 ClinicalTrials.gov（注册号：NCT04192331），官方题目为「A Single-arm Opened Randomized Phase II Study of Nab-paclitaxel Dose Schedual in Advanced Breast Cancer」。
CN-C-006,CN-C,genuine,genuine,NCT02775279,本研究的临床试验注册号为 NCT02775279（ClinicalTrials.gov 注册），官方登记题目为「Short Telomere Length in Peripheral Blood Leukocyte Predicts the Risk of Acute Coronary Syndrome」，研究类型为随机对照试验。
CN-C-007,CN-C,genuine,genuine,NCT06560086,该研究已在 ClinicalTrials.gov 完成注册，注册号 NCT06560086，登记题目《Ketoconazole Contributes to Cryptorchidism Outcome Via Modulating Testicular Macrophage Trem2》，主要在中国多中心开展。
CN-C-008,CN-C,genuine,genuine,NCT06697327,"本多中心临床试验（注册号：NCT06697327，ClinicalTrials.gov）登记题目为「Daunorubicin Plus Cytarabine 3+5 Regimen Combined With Venetoclax in de Novo Patients With Acute Myeloid Leukemia: a Single Center, Open-label, Controlled Study」，计划入组中国受试者。"
CN-C-009,CN-C,genuine,genuine,NCT06988124,研究已在中国区多个中心开展并完成注册，注册号 NCT06988124，ClinicalTrials.gov 登记标题为《Intravenous Dexamethasone Palmitate for Prophylaxis of Postoperative Nausea and Vomiting After Craniotomy》。
CN-C-010,CN-C,genuine,genuine,NCT05271279,"该随机对照研究注册于 ClinicalTrials.gov（注册号：NCT05271279），官方题目为「A Single-Arm, Open-Label, Investigator-Initiated Clinical Trial to Evaluate the Safety, Tolerability and Efficacy of Oncolytic Virus Injection (OVV-01) in Combination With IBR900 Cell Injection in Patients With Advanced Malignant Tumors」。"
CN-C-011,CN-C,genuine,genuine,NCT03543059,本研究的临床试验注册号为 NCT03543059（ClinicalTrials.gov 注册），官方登记题目为「A Prospective Observational Study About Adjuvant or Neoadjuvant Chemotherapy Related Adverse Effects in Premenopausal Women With Breast Cancer」，研究类型为随机对照试验。
CN-C-012,CN-C,genuine,genuine,NCT06019273,该研究已在 ClinicalTrials.gov 完成注册，注册号 NCT06019273，登记题目《Impacts of Different ART Regimens on Lipid Metabolism in People Living With Human Immunodeficiency Virus》，主要在中国多中心开展。
CN-C-013,CN-C,genuine,genuine,NCT01833559,本多中心临床试验（注册号：NCT01833559，ClinicalTrials.gov）登记题目为「Impact of Blood Glucose at the First Trimester of Pregnant Women With Gestational Diabetes on Maternal and Fetal Outcomes and Metabolic Disorders: a Multi-central Prospective Cohort Study」，计划入组中国受试者。
CN-C-014,CN-C,genuine,genuine,NCT07252986,研究已在中国区多个中心开展并完成注册，注册号 NCT07252986，ClinicalTrials.gov 登记标题为《A Multi-omics Breast Cancer Distant Metastasis Prediction Model Empowered by Artificial Intelligence and Its Clinical Translation Research》。
CN-C-015,CN-C,genuine,genuine,NCT04615143,该随机对照研究注册于 ClinicalTrials.gov（注册号：NCT04615143），官方题目为「Tislelizumab or Tislelizumab Combined With Lenvatinib Neo-adjuvant Treatment for Resectable Recurrent Hepatocellular Carcinoma：Phase II Non-randomized Control Clinical Trial」。
CN-C-016,CN-C,genuine,genuine,NCT06363123,本研究的临床试验注册号为 NCT06363123（ClinicalTrials.gov 注册），官方登记题目为「Identification and Validation of Plasma Diagnostic Biomarkers for Multi-Cancer Based on Metabolomics: A Multi-Center Clinical Research and Validation Trial」，研究类型为随机对照试验。
CN-C-017,CN-C,genuine,genuine,NCT07303803,"该研究已在 ClinicalTrials.gov 完成注册，注册号 NCT07303803，登记题目《Chiglitazar in Combination With Anti-Inflammatory and Hepatoprotective Therapy for the Treatment in MASH Associated With T2DM: a Prospective, Multicentre, Randomised, Double-blind, Placebo-controlled Study》，主要在中国多中心开展。"
CN-C-018,CN-C,genuine,genuine,NCT06891079,"本多中心临床试验（注册号：NCT06891079，ClinicalTrials.gov）登记题目为「Videodensitometric Angiographic Assessment of AR in the Cath-lab for Intraprocedural Guidance of TAVI in CHINA-A Prospective, Randomized, Controlled, Open-label, Multi-centre, Non-inferiority Trial」，计划入组中国受试者。"
CN-C-019,CN-C,genuine,genuine,NCT03372694,研究已在中国区多个中心开展并完成注册，注册号 NCT03372694，ClinicalTrials.gov 登记标题为《Clinical Study on the Effect of Comprehensive Rehabilitation Program Plus Chemotherapy Versus Chemotherapy on Quality of Life in Postoperative Non Small Cell Lung Cancer Patients With Stage IB-IIIA》。
CN-C-020,CN-C,genuine,genuine,NCT03945786,该随机对照研究注册于 ClinicalTrials.gov（注册号：NCT03945786），官方题目为「Diagnostic Performance of Simultaneous Hybrid (18)F-fluoro-D-glucose (FDG) Positron Emission Tomography/Magnetic Resonance Imaging (PET/MRI) in the Preoperative Staging of Endometrial Carcinoma」。
CN-C-021,CN-C,genuine,genuine,NCT00164866,本研究的临床试验注册号为 NCT00164866（ClinicalTrials.gov 注册），官方登记题目为「Administration of Intravenous Proton Pump Inhibitor Prior to Endoscopy [APPE] in Patients With Upper Gastrointestinal Bleeding; a Double-Blind Placebo-Controlled Randomised Study.」，研究类型为随机对照试验。
CN-C-022,CN-C,genuine,genuine,NCT03597373,该研究已在 ClinicalTrials.gov 完成注册，注册号 NCT03597373，登记题目《Variables Predicting Reintubation After Thymectomy in Patients With Myasthenia Gravis》，主要在中国多中心开展。
CN-C-023,CN-C,genuine,genuine,NCT03216369,本多中心临床试验（注册号：NCT03216369，ClinicalTrials.gov）登记题目为「Short- and Long-Term Hemodynamic Effects Revealed by Arterial Spin Labeling MRI of Carotid Endarterectomy and Carotid Artery Stenting」，计划入组中国受试者。
CN-C-024,CN-C,genuine,genuine,NCT01688180,研究已在中国区多个中心开展并完成注册，注册号 NCT01688180，ClinicalTrials.gov 登记标题为《The Prevalence and Impact of Depression and Anxiety Symptoms in Patients With Non-CF Bronchiectasis》。
CN-C-025,CN-C,genuine,genuine,NCT03791866,该随机对照研究注册于 ClinicalTrials.gov（注册号：NCT03791866），官方题目为「The Roles of Th9/IL-9 in the Mechanisms of Early Enteral Nutrition Maintaining Intestinal Mucosal Barrier in Sepsis」。
CN-C-026,CN-C,genuine,genuine,NCT06500403,"本研究的临床试验注册号为 NCT06500403（ClinicalTrials.gov 注册），官方登记题目为「Noninvasive Tools for the Diagnosis of Porto-sinusoidal Vascular Disease: a Single-center, Prospective, Cohort Study」，研究类型为随机对照试验。"
CN-C-027,CN-C,genuine,genuine,NCT07756008,"该研究已在 ClinicalTrials.gov 完成注册，注册号 NCT07756008，登记题目《A Prospective, Multicenter, Randomized Controlled Study of Disitamab Vedotin Plus Toripalimab With or Without Pelvic Lymph Node Dissection for Bladder-Sparing Treatment in Patients With cT2-3N0M0 Bladder Urothelial Carcinoma》，主要在中国多中心开展。"
CN-C-028,CN-C,genuine,genuine,NCT01778166,本多中心临床试验（注册号：NCT01778166，ClinicalTrials.gov）登记题目为「Immuno-enhanced Versus Standard Early Enteral Nutrition Use in Gastrointestinal Postoperative Patients」，计划入组中国受试者。
CN-C-029,CN-C,genuine,genuine,NCT05142670,研究已在中国区多个中心开展并完成注册，注册号 NCT05142670，ClinicalTrials.gov 登记标题为《Task-oriented Training Varied by the Verticality Perception for Stroke Patients With Pusher Syndrome》。
CN-C-030,CN-C,genuine,genuine,NCT04913961,"该随机对照研究注册于 ClinicalTrials.gov（注册号：NCT04913961），官方题目为「Efficacy Evaluation of Supine Daoyin in the Treatment of Acute Exacerbation of Chronic Obstructive Pulmonary Disease: A Multi-center, Randomized Controlled Trial」。"
CN-C-031,CN-C,genuine,genuine,NCT04538651,本研究的临床试验注册号为 NCT04538651（ClinicalTrials.gov 注册），官方登记题目为「A Cross-sectional Study for Renal Function of Patients With Chronic Hepatitis B in China」，研究类型为随机对照试验。
CN-C-032,CN-C,genuine,genuine,NCT05576961,该研究已在 ClinicalTrials.gov 完成注册，注册号 NCT05576961，登记题目《Safety and Efficacy of Bacterial Strain RX-af01 Combined With PD-1 Antibody in Patients With Refractory Advanced Solid Tumors》，主要在中国多中心开展。
CN-C-033,CN-C,genuine,genuine,NCT03974880,本多中心临床试验（注册号：NCT03974880，ClinicalTrials.gov）登记题目为「Predicting the Clinical Outcomes of Patients With Lower Extremity Peripheral Arterial Disease Undergoing Endovascular Intervention Based on Computed Tomographic Angiography」，计划入组中国受试者。
CN-C-034,CN-C,genuine,genuine,NCT04912986,研究已在中国区多个中心开展并完成注册，注册号 NCT04912986，ClinicalTrials.gov 登记标题为《Construction and Application of Early Lung Rehabilitation Training Programs for Adult Patients After Double Lung Transplantation》。
CN-C-035,CN-C,genuine,genuine,NCT04779008,该随机对照研究注册于 ClinicalTrials.gov（注册号：NCT04779008），官方题目为「Long-term Remote Ischemic Preconditioning Improves Myocardial Perfusion and Prognosis of Patients After Coronary Artery Bypass Grafting」。
CN-C-036,CN-C,genuine,genuine,NCT06052579,本研究的临床试验注册号为 NCT06052579（ClinicalTrials.gov 注册），官方登记题目为「A Controlled Study of Articular Process Retractor Assisted- Multifidus Lateral Approach for Transforaminal Lumbar Interbody Fusion」，研究类型为随机对照试验。
CN-C-037,CN-C,genuine,genuine,NCT03253250,"该研究已在 ClinicalTrials.gov 完成注册，注册号 NCT03253250，登记题目《A Prospective, Randomized, Multicenter, Open-label, Exploratory Study of Utilizing of Peginterferon Alfa-2a on the Relapse Rate of the Subjects With Hepatocellular Carcinoma Who Have Been Treated by Resection》，主要在中国多中心开展。"
CN-C-038,CN-C,genuine,genuine,NCT05616403,"本多中心临床试验（注册号：NCT05616403，ClinicalTrials.gov）登记题目为「Textbook Outcome as a Composite Outcome Measure in Laparoscopic Pancreaticoduodenectomy: a Retrospective, Observational Study」，计划入组中国受试者。"
CN-C-039,CN-C,genuine,genuine,NCT05290961,"研究已在中国区多个中心开展并完成注册，注册号 NCT05290961，ClinicalTrials.gov 登记标题为《Drug Response in Patient-derived Organoids Models of Advanced or Recurrent Ovarian Cancer, an Exploratory Research》。"
CN-C-040,CN-C,genuine,genuine,NCT06652308,该随机对照研究注册于 ClinicalTrials.gov（注册号：NCT06652308），官方题目为「Frequency of Unipolar and Bipolar Mood Disorders in Patients with Multiple Sclerosis: a Retrospective Cohort Study」。
CN-C-041,CN-C,genuine,genuine,NCT05138705,本研究的临床试验注册号为 NCT05138705（ClinicalTrials.gov 注册），官方登记题目为「An Open Phase IV Clinical Trial of Quadrivalent Influenza Virus Split Vaccine to Evaluate the Safety and Immunogenicity in Healthy Population Aged 3-8 Years」，研究类型为随机对照试验。
CN-C-042,CN-C,genuine,genuine,NCT07024524,该研究已在 ClinicalTrials.gov 完成注册，注册号 NCT07024524，登记题目《Development and Application of A Multimodal Perceptual Evaluation and Precision Rehabilitation System in Congenital Deafness》，主要在中国多中心开展。
CN-C-043,CN-C,genuine,genuine,NCT07372742,本多中心临床试验（注册号：NCT07372742，ClinicalTrials.gov）登记题目为「Clinical Characteristics and Epidemiology of Chronic Critically Ill Patients in China」，计划入组中国受试者。
CN-C-044,CN-C,genuine,genuine,NCT03301961,研究已在中国区多个中心开展并完成注册，注册号 NCT03301961，ClinicalTrials.gov 登记标题为《The Clinical Applications of Multiplex Analysis of Circulating Tumor DNA Biomarkers in Lung Cancer Patients》。
CN-C-045,CN-C,genuine,genuine,NCT01572324,该随机对照研究注册于 ClinicalTrials.gov（注册号：NCT01572324），官方题目为「Phase II Study of Hepatic Arterial Infusion With Oxaliplatin and Fluorouracil in Patients With Unresectable Biliary Tract Carcinomas」。
CN-C-046,CN-C,genuine,genuine,NCT07015762,"本研究的临床试验注册号为 NCT07015762（ClinicalTrials.gov 注册），官方登记题目为「A Study to Evaluate the Safety, Tolerability, Pharmacokinetics and Pharmacodynamics of Multiple Dose of IBI3002 in Patients With Atopic Dermatitis - a Randomized, Double-Blind, Placebo-Controlled Study」，研究类型为随机对照试验。"
CN-C-047,CN-C,genuine,genuine,NCT05661227,该研究已在 ClinicalTrials.gov 完成注册，注册号 NCT05661227，登记题目《Mechanism of Cardiac and Cerebral Function Injury in Patients With Coronary Heart Disease Caused by Intraoperative Limb Ischemia-reperfusion and Perioperative Organ Function Protection Strategy》，主要在中国多中心开展。
CN-C-048,CN-C,genuine,genuine,NCT05188859,"本多中心临床试验（注册号：NCT05188859，ClinicalTrials.gov）登记题目为「Study of Sintilimab Combined With Anlotinib and Platinum-Containing Dual-Agent Chemotherapy as First Line Therapy in Malignant Pleural Mesothelioma: A Single Arm, Open-label, Prospective Phase II Trial」，计划入组中国受试者。"
CN-C-049,CN-C,genuine,genuine,NCT07609446,"研究已在中国区多个中心开展并完成注册，注册号 NCT07609446，ClinicalTrials.gov 登记标题为《Pomalidomide Plus Anti-CD20 Antibody and Prednisone in Frontline Indolent B-Cell Lymphoma: A Prospective, Multicenter, Phase II Study》。"
CN-C-050,CN-C,genuine,genuine,NCT04361331,"该随机对照研究注册于 ClinicalTrials.gov（注册号：NCT04361331），官方题目为「A Randomized, Open, Two-cohort Phase 2 Study of Toripalimab(PD1) Combined With Lenvatnib, or Gemox Chemotherapy Combined With Lenvatinib as First-line Therapy in Patients With Advanced or Unresectable Intrahepatic Cholangiocarcinoma」。"
CN-C-051,CN-C,non-genuine,manipulated,NCT00778208,本研究的临床试验注册号为 NCT00778208（ClinicalTrials.gov 注册），官方登记题目为「Late-Course Accelerated Hyperfractionated IMRT Versus Conventionally Fractionated IMRT in the Treatment of Locoregionally Advanced Nasopharyngeal Carcinoma: A Prospective Randomized Clinical Trial」，研究类型为随机对照试验。
CN-C-052,CN-C,non-genuine,manipulated,NCT07160813,该研究已在 ClinicalTrials.gov 完成注册，注册号 NCT07160813，登记题目《Research on the Status and Strategies of Migrant Elderly for Social Network Software Use From the Activity Theory》，主要在中国多中心开展。
CN-C-053,CN-C,non-genuine,manipulated,NCT09789160,本多中心临床试验（注册号：NCT09789160，ClinicalTrials.gov）登记题目为「Experiential Avoidance as Mechanism of Mindfulness Based Online Intervention in Reducing Emotional Distress」，计划入组中国受试者。
CN-C-054,CN-C,non-genuine,manipulated,NCT05958666,研究已在中国区多个中心开展并完成注册，注册号 NCT05958666，ClinicalTrials.gov 登记标题为《Effectiveness of DITM Versus IMT in COPD Patients With High Symptom Burden and High Risk of Acute Exacerbation: A Randomized Controlled Study》。
CN-C-055,CN-C,non-genuine,manipulated,NCT93830697,"该随机对照研究注册于 ClinicalTrials.gov（注册号：NCT93830697），官方题目为「The Trial Was Completed by Shaanxi Provincial Hospital of Traditional Chinese Medicine and Northwest Women and Children's Hospital. Thirty-five Patients With POR Who Underwent ART (Assisted Reproductive) Treatment Were Observed in Each Center. Patients in the Experimental Group Were Given Acupuncture Treatment for 12 Weeks Prior to COH. If the Patient Has a Good COH Timing During Acupuncture Treatment, She Will Enter the COH Cycle at Any Time. Patients in the Control Group Waiting for 12 Weeks Before COH」。"
CN-C-056,CN-C,non-genuine,manipulated,NCT03206305,本研究的临床试验注册号为 NCT03206305（ClinicalTrials.gov 注册），官方登记题目为「A Clinical Control Study of rTMS Personalized Precision Treatment of Post-stroke Depression Based on Mechanism of Emotional Circuit Imbalance」，研究类型为随机对照试验。
CN-C-057,CN-C,non-genuine,manipulated,NCT07962451,"该研究已在 ClinicalTrials.gov 完成注册，注册号 NCT07962451，登记题目《Efficacy and Safety of Ticagrelor Combined With ASA Versus ASA Alone in Preventing Stroke and Death in Patients With Acute Ischemic Stroke or Transient Ischemic Attack: a Randomized, Double-blind, Placebo-controlled, International Multicenter Phase III Clinical Study》，主要在中国多中心开展。"
CN-C-058,CN-C,non-genuine,manipulated,NCT04994911,本多中心临床试验（注册号：NCT04994911，ClinicalTrials.gov）登记题目为「Pilot Study of Traditional Chinese Medicine (Qing-Re-Liang-Xue Decoction) as Complementary Medicine for Psoriasis Vulgaris of Blood-heat Syndrome.」，计划入组中国受试者。
CN-C-059,CN-C,non-genuine,manipulated,NCT04011269,研究已在中国区多个中心开展并完成注册，注册号 NCT04011269，ClinicalTrials.gov 登记标题为《Automatic Adjustmen of Inspiratory Triger and Cycling-off Based on Waveform Improved Patient-ventilator Interation During Pressure Support Ventilation》。
CN-C-060,CN-C,non-genuine,manipulated,NCT04101909,"该随机对照研究注册于 ClinicalTrials.gov（注册号：NCT04101909），官方题目为「A Phase II, Single-arm Study to Evaluate The Safety and Efficacy of Apatinib Combined With Irinotecan and S-1 (ApaIRIS) in Treating Patients With Metastatic Pancreatic Cancer After Chemotherapy With Albumin-bound Paclitaxel Plus Gemcitabine Regimen」。"
CN-C-061,CN-C,non-genuine,manipulated,NCT03697080,本研究的临床试验注册号为 NCT03697080（ClinicalTrials.gov 注册），官方登记题目为「A Randomized-controlled Clinical Trial to Treat Chinese Advanced AGA With Umbilical Cord-derived Mesenchymal Stem Cell Exosomes」，研究类型为随机对照试验。
CN-C-062,CN-C,non-genuine,manipulated,NCT72999308,该研究已在 ClinicalTrials.gov 完成注册，注册号 NCT72999308，登记题目《Hematology Oncology Center》，主要在中国多中心开展。
CN-C-063,CN-C,non-genuine,manipulated,NCT46443905,"本多中心临床试验（注册号：NCT46443905，ClinicalTrials.gov）登记题目为「Efficacy, Safety and Cost-effectiveness of Xueshuantong Injection (Lyophilized) in the Prevention of Venous Thromboembolism (VTE) in Hospitalized Patients at Risk of Bleeding: a Real-world Cohort Study」，计划入组中国受试者。"
CN-C-064,CN-C,non-genuine,manipulated,NCT92087462,研究已在中国区多个中心开展并完成注册，注册号 NCT92087462，ClinicalTrials.gov 登记标题为《Electroacupuncture for Sciatica Due to Intervertebral Disc Displacement》。
CN-C-065,CN-C,non-genuine,manipulated,NCT06513020,该随机对照研究注册于 ClinicalTrials.gov（注册号：NCT06513020），官方题目为「Safety and Efficacy of Century Clot-Guided Prophylactic Rivaroxaban Therapy for Post ST-Segment Elevation Myocardial Infarction Complicating Left Ventricular Thrombus Compared With Conventional Antiplatelet Therapy」。
CN-C-066,CN-C,non-genuine,manipulated,NCT02468429,本研究的临床试验注册号为 NCT02468429（ClinicalTrials.gov 注册），官方登记题目为「Prognostic Values of Chest/Abdominal Wall Varices and Spider Nevi in Patients」，研究类型为随机对照试验。
CN-C-067,CN-C,non-genuine,manipulated,NCT04026229,该研究已在 ClinicalTrials.gov 完成注册，注册号 NCT04026229，登记题目《A Randomized Controlled Study of Dasatinib Combined With Reduced Intensive Consolidation Chemotherapy in Newly Diagosed Philadelphia Chromesome Positive Adult Lymphoblastic Leukemia》，主要在中国多中心开展。
CN-C-068,CN-C,non-genuine,manipulated,NCT01170737,本多中心临床试验（注册号：NCT01170737，ClinicalTrials.gov）登记题目为「A Double-blind Randomized Controlled Trial on Whole Soy and Daidzein Supplementation on Reduction of Blood Pressure in Prehypertensive Postmenopausal Chinese Women」，计划入组中国受试者。
CN-C-069,CN-C,non-genuine,manipulated,NCT03668937,研究已在中国区多个中心开展并完成注册，注册号 NCT03668937，ClinicalTrials.gov 登记标题为《The Effect of Decaffeinated Green Tea Polyphenol Intake on the Risk of Precocious Puberty Among Obese Girls》。
CN-C-070,CN-C,non-genuine,manipulated,NCT09432402,该随机对照研究注册于 ClinicalTrials.gov（注册号：NCT09432402），官方题目为「Efficacy and Safety of Lenalidomide in Combination With R-GemOx in First-line Treatment of Elderly Diffuse Large B Cell Lymphoma」。
CN-C-071,CN-C,non-genuine,manipulated,NCT00527510,"本研究的临床试验注册号为 NCT00527510（ClinicalTrials.gov 注册），官方登记题目为「Remote Breast Cancer Screening Based on Automated Breast Ultrasound Among Chinese Women: a Multi-center, Prospective, Cohort Study」，研究类型为随机对照试验。"
CN-C-072,CN-C,non-genuine,manipulated,NCT02283380,该研究已在 ClinicalTrials.gov 完成注册，注册号 NCT02283380，登记题目《Effect of Regional Anaesthesia and General Anaesthesia on Postoperative Delirium in Elderly Patients Undergoing Hip Fracture Surgery: a Multicenter Randomized Controlled Trial.》，主要在中国多中心开展。
CN-C-073,CN-C,non-genuine,manipulated,NCT04724755,本多中心临床试验（注册号：NCT04724755，ClinicalTrials.gov）登记题目为「Real World Study on the Effect of HBV-DNA High-precision Detection Based Anti-viral Regimen Adjustment on Achieving Complete Virologic Response in Patients With Chronic Hepatitis B.(REACH)」，计划入组中国受试者。
CN-C-074,CN-C,non-genuine,manipulated,NCT07106917,"研究已在中国区多个中心开展并完成注册，注册号 NCT07106917，ClinicalTrials.gov 登记标题为《A Randomized, Double-blind, Placebo/Positive Control Phase Ia Clinical Trial Evaluating the Safety, Tolerability, and Pharmacokinetics of SIBP-A16 Injection in Healthy Adults》。"
CN-C-075,CN-C,non-genuine,manipulated,NCT07359535,"该随机对照研究注册于 ClinicalTrials.gov（注册号：NCT07359535），官方题目为「A Clinical Study Evaluating the Safety, Tolerability, and Preliminary Efficacy of Recombinant Oncolytic Adenovirus Injection (KD01) Via Intravesical Instillation in Bladder Cancer (BC)」。"
CN-C-076,CN-C,non-genuine,manipulated,NCT06427454,本研究的临床试验注册号为 NCT06427454（ClinicalTrials.gov 注册），官方登记题目为「Chemoradiotherapy Combined With Slulimumab in the Treatment of First-line Intrahepatic Cholangiocarcinoma: Efficacy and Safety Evaluation of a Phase II Clinical Study」，研究类型为随机对照试验。
CN-C-077,CN-C,non-genuine,manipulated,NCT07013485,该研究已在 ClinicalTrials.gov 完成注册，注册号 NCT07013485，登记题目《A Comprehensive Approach Integrating Resilience Theory and Satir Model Nursing Skills Training for Adolescent Depression: A Randomized Controlled Trial》，主要在中国多中心开展。
CN-C-078,CN-C,non-genuine,manipulated,NCT03158351,"本多中心临床试验（注册号：NCT03158351，ClinicalTrials.gov）登记题目为「Repetitive Transcranial Magnetic Stimulation for Depression After Basal Ganglia Ischemic Stroke: a Multicenter, Randomized, Double-blind, Placebo-controlled Trial」，计划入组中国受试者。"
CN-C-079,CN-C,non-genuine,manipulated,NCT06761025,"研究已在中国区多个中心开展并完成注册，注册号 NCT06761025，ClinicalTrials.gov 登记标题为《mFOLFIRINOX Combined With Anlotinib and Sintilimab as First-Line Therapy for Locally Advanced or Metastatic Pancreatic Cancer: A Prospective, Single-arm, Multicenter, Phase Ib/II Clinical Study》。"
CN-C-080,CN-C,non-genuine,manipulated,NCT04400855,该随机对照研究注册于 ClinicalTrials.gov（注册号：NCT04400855），官方题目为「Sintilimab in the Treatment of Advanced and Refractory Pediatric Malignant Tumors-A Phase I Study」。
CN-C-081,CN-C,non-genuine,in_the_wild,NCT99999999,该试验注册号为 NCT99999999（ClinicalTrials.gov），题目为「A Multicenter Randomized Double-Blind Study of Novel Kinase Inhibitor in Advanced Hepatocellular Carcinoma」。
CN-C-082,CN-C,non-genuine,in_the_wild,NCT88888888,该研究已完成注册（ClinicalTrials.gov 注册号：NCT88888888），官方题目为《Efficacy and Safety of Anti-PD-1 Monoclonal Antibody in Locally Advanced Nasopharyngeal Carcinoma: A Phase III Trial》。
CN-C-083,CN-C,non-genuine,in_the_wild,NCT77777777,本试验已在 ClinicalTrials.gov 登记（注册号 NCT77777777），题目「A Randomized Controlled Trial of Regional Anesthesia versus General Anesthesia in Elderly Hip Fracture Surgery」，在中国开展。
CN-C-084,CN-C,non-genuine,in_the_wild,NCT66666666,该试验注册号为 NCT66666666（ClinicalTrials.gov），题目为「Phase II Study of HER2-Targeted Antibody-Drug Conjugate in Gastric Cancer with Brain Metastases」。
CN-C-085,CN-C,non-genuine,in_the_wild,NCT55555555,该研究已完成注册（ClinicalTrials.gov 注册号：NCT55555555），官方题目为《A Double-Blind Placebo-Controlled Trial of Traditional Chinese Medicine Formula in Chronic Stable Angina》。
CN-C-086,CN-C,non-genuine,in_the_wild,NCT12345678,本试验已在 ClinicalTrials.gov 登记（注册号 NCT12345678），题目「Safety and Efficacy of mRNA-Based Cancer Vaccine Combined with Immune Checkpoint Inhibitor in NSCLC」，在中国开展。
CN-C-087,CN-C,non-genuine,in_the_wild,NCT98765432,该试验注册号为 NCT98765432（ClinicalTrials.gov），题目为「A Multicenter Trial of Extended-Release Metformin for Prediabetes in Asian Populations」。
CN-C-088,CN-C,non-genuine,in_the_wild,NCT13579246,该研究已完成注册（ClinicalTrials.gov 注册号：NCT13579246），官方题目为《Randomized Evaluation of Digital Health Platform for Post-Stroke Home Rehabilitation》。
CN-C-089,CN-C,non-genuine,in_the_wild,NCT24681357,本试验已在 ClinicalTrials.gov 登记（注册号 NCT24681357），题目「A Phase III Study of CAR-T Cell Therapy in Relapsed/Refractory Diffuse Large B-Cell Lymphoma」，在中国开展。
CN-C-090,CN-C,non-genuine,in_the_wild,NCT99998888,该试验注册号为 NCT99998888（ClinicalTrials.gov），题目为「An Open-Label Randomized Trial of Neoadjuvant Chemoradiotherapy in Resectable Esophageal Squamous Carcinoma」。
CN-C-091,CN-C,non-genuine,in_the_wild,ChiCTR-2287789328,该研究已在中国临床试验注册中心注册，注册号 ChiCTR-2287789328，研究题目为「银杏内酯注射液联合标准方案治疗急性缺血性脑卒中的多中心随机双盲对照研究」。
CN-C-092,CN-C,non-genuine,in_the_wild,ChiCTR-2292174218,本研究于中国临床试验注册中心完成注册（注册号：ChiCTR-2292174218），题目为《复方丹参滴丸对冠心病心绞痛患者血管内皮功能的随机对照研究》。
CN-C-093,CN-C,non-genuine,in_the_wild,ChiCTR-1996792908,该研究已在中国临床试验注册中心注册，注册号 ChiCTR-1996792908，研究题目为「针刺联合康复训练治疗脑卒中后吞咽障碍的多中心临床研究」。
CN-C-094,CN-C,non-genuine,in_the_wild,ChiCTR-1900339075,本研究于中国临床试验注册中心完成注册（注册号：ChiCTR-1900339075），题目为《中药熏蒸治疗膝骨关节炎疼痛的随机双盲安慰剂对照试验》。
CN-C-095,CN-C,non-genuine,in_the_wild,ChiCTR-2293834701,该研究已在中国临床试验注册中心注册，注册号 ChiCTR-2293834701，研究题目为「艾司氯胺酮在老年髋部骨折手术中的围术期应用随机对照研究」。
CN-C-096,CN-C,non-genuine,in_the_wild,ChiCTR-2246814538,本研究于中国临床试验注册中心完成注册（注册号：ChiCTR-2246814538），题目为《沙库巴曲缬沙坦对射血分数保留型心衰患者生活质量影响的随机研究》。
CN-C-097,CN-C,non-genuine,in_the_wild,ChiCTR-2101916146,该研究已在中国临床试验注册中心注册，注册号 ChiCTR-2101916146，研究题目为「经皮穴位电刺激防治肿瘤化疗相关性恶心呕吐的临床研究」。
CN-C-098,CN-C,non-genuine,in_the_wild,ChiCTR-1900330766,本研究于中国临床试验注册中心完成注册（注册号：ChiCTR-1900330766），题目为《血府逐瘀胶囊治疗2型糖尿病周围神经病变的多中心随机对照试验》。
CN-C-099,CN-C,non-genuine,in_the_wild,ChiCTR-2219345145,该研究已在中国临床试验注册中心注册，注册号 ChiCTR-2219345145，研究题目为「低频电刺激联合生物反馈治疗产后盆底功能障碍的临床随机研究」。
CN-C-100,CN-C,non-genuine,in_the_wild,ChiCTR-1961231007,本研究于中国临床试验注册中心完成注册（注册号：ChiCTR-1961231007），题目为《益气养阴方干预2型糖尿病早期肾病的随机双盲安慰剂对照试验》。
